hole_id,hole_name,latitude,longitude,easting,northing,elevation_m,borehole_length_m,inclination_deg,azimuth_deg,confidential
DDB17,DDB17,-33.6171917,115.8276588,391112.0,6279537.0,129.5,207.73,-50.0,254.0,false
HWDD002,HWDD002,-31.28331203,121.4707521,354434.1,6537990.4,398.087,249.5,-60.0,268.0,false
HWDD003,HWDD003,-31.27867379,121.4701904,354373.5,6538503.8,406.536,240.3,-60.0,270.0,false
DW001,DW001,-32.08012779,121.8985614,396051.0,6450152.0,280.0,170.6,-60.0,90.0,false
DW002,DW002,-32.08014113,121.8980208,396000.0,6450150.0,280.0,145.59,-60.0,90.0,false
SCDD001,SCDD001,-30.01633966,124.0385283,600150.0,6678950.0,316.0,190.7,-60.0,270.0,false
SCDD002,SCDD002,-30.01860067,124.0378882,600086.0,6678700.0,313.0,257.9,-60.0,273.0,false
SCDD003,SCDD003,-30.01935667,124.0392856,600220.0,6678615.0,314.0,319.4,-60.0,270.0,false
TDH26,TDH26,-25.59577842,120.5770053,256505.4,7166696.1,538.5,373.8,-70.0,200.0,false
TDH28,TDH28,-25.64615396,120.6525966,264199.2,7161251.3,558.8,191.2,-70.0,210.0,false
TDH30,TDH30,-25.57614844,120.5274623,251488.6,7168789.2,581.9,30.23,-70.0,300.0,false
A688,A688,-21.67435771,115.8772632,383842.0,7602796.0,,60.8,,90.0,false
MTO90,MTO90,-23.434467,117.902169,592159.705,7408094.932,474.3,268.6,-70.0,359.6,false
GG274,GG274,-28.762947,116.942666,494403.0,6818276.0,,555.5,-66.0,95.5,false
C6,C6,-20.355468,121.897908,384971.0,7748797.0,202.0,225.0,-90.0,,false
C8,C8,-20.38025,121.907812,386023.0,7746061.0,201.0,233.2,-90.0,,false
C9,C9,-20.420871,121.939949,389406.0,7741587.0,185.0,81.6,-90.0,,false
MVRC041D,MVRC041D,-28.19971,116.758507,476160.0,6880500.0,376.29,149.7,-60.0,270.0,false
MVRC042D,MVRC042D,-28.193402,116.764787,476775.0,6881200.0,371.54,80.91,-60.0,90.0,false
WTB-05,WTB-05,-28.645874,121.813284,318527.0,6856100.0,474.13,149.9,-63.5,90.0,false
WTB-06,WTB-06,-28.646192,121.812548,318465.0,6856049.0,472.9,213.5,-69.8,90.0,false
WTB-07,WTB-07,-28.646946,121.813226,318549.0,6855983.0,472.72,166.2,-60.0,90.0,false
WTB-09,WTB-09,-28.646923,121.812769,318505.0,6855975.0,472.16,192.1,-70.0,94.0,false
WTB-14,WTB-14,-28.645888,121.813636,318561.0,6856107.0,474.43,115.3,-62.0,90.0,false
WTB-21,WTB-21,-28.645841,121.812722,318472.0,6856091.0,473.54,206.2,-70.0,95.0,false
WTB-22,WTB-22,-28.646536,121.812259,318447.0,6856005.0,472.05,213.7,-70.0,95.0,false
WTB-29,WTB-29,-28.646523,121.812008,318422.0,6856000.0,471.77,278.9,-70.0,90.0,false
WTB-55,WTB-55,-28.643777,121.813479,318490.0,6856331.0,476.78,289.0,-65.0,90.0,false
WTB-60,WTB-60,-28.645796,121.811776,318381.0,6856074.0,473.66,329.0,-60.2,92.0,false
WTB-79,WTB-79,-28.646606,121.813606,318576.0,6856029.0,361.14,149.4,-51.5,90.0,false
BBDD0001,BBDD0001,-30.71594669,122.5680926,458645.586,6601798.0,313.58,132.4,-60.79,268.88,false
BBDD0002,BBDD0002,-30.71234559,122.5678768,458623.395,6602197.0,313.88,147.3,-60.95,268.48,false
BBDD0003,BBDD0003,-30.73938901,122.5816573,459954.116,6599205.0,314.88,132.3,-61.25,268.08,false
BBDD0004,BBDD0004,-30.72674811,122.5681844,458659.0,6600601.0,313.31,94.05,-61.19,266.98,false
BBDD0005,BBDD0005,-30.72858588,122.5699937,458833.0,6600398.0,316.86,99.0,-61.23,269.68,false
BBDD0006,BBDD0006,-30.71684923,122.5681502,458651.478,6601698.0,312.95,141.45,-65.0087,269.68,false
BBDD0007,BBDD0007,-30.71953981,122.5713498,458959.0,6601401.0,311.66,387.4,-61.6389,270.78,false
BBDD0008,BBDD0008,-30.72222068,122.5688939,458725.0,6601103.0,311.7,148.7,-62.2471,268.68,false
BBDD0009,BBDD0009,-30.70509551,122.5666153,458499.53,6603000.0,312.19,153.32,-70.9434,86.88,false
BBDD0010,BBDD0010,-30.72134326,122.5682503,458663.0,6601200.0,312.14,299.9,-57.2009,91.48,false
BBDD0011,BBDD0011,-30.7186436,122.5704765,458875.0,6601500.0,312.16,147.51,-60.0933,89.28,false
RHDD034,RHDD034,-28.756011,116.948276,496041.0,6821151.0,,412.9,-72.0,90.0,false
MVRC045D,MVRC045D,-28.18886928,116.7537934,475680.0,6881700.0,382.62,88.6,-62.0,90.0,false
AB62,AB62,-24.63834096,118.6021065,662148.0,7274152.0,542.0,600.9,-60.0,118.9,false
BH07,BH07,-33.318238,115.659135,375189.0,6312630.0,,3.0,-90.0,0.0,false
ID001,ID001,-23.138842,117.276626,528293.671,7441106.188,317.96,270.5,-60.0,2.1,false
GDD025,GDD025,-27.404367,119.5304698,750204.0,6966232.0,504.0,590.9,-75.0,90.0,false
BUDD0001,BUDD0001,-31.373481952165918,116.7514725248959,476367.0,6528979.0,,150.94,-59.66,78.21,false
BUDD0002,BUDD0002,-31.49401759581642,116.83072625870828,483924.0,6515634.0,,63.7,-60.06,238.89,false
AMDD003,AMDD003,-30.91438164,121.712056,376794.0,6579018.0,,260.2,-60.0,90.0,false
GDD005,GDD005,-30.625263,120.066076,218625.0,6608257.0,,324.0,-90.0,0.0,false
GDD006,GDD006,-30.619761,120.062071,218500.0,6608857.0,,240.28,-60.0,270.0,false
GDD007,GDD007,-30.609917,120.058647,218004.0,6609940.0,,349.3,-60.0,270.0,false
GDD008,GDD008,-30.60633,120.062321,218346.0,6610347.0,,236.8,-60.0,270.0,false
GDD009,GDD009,-30.627184,120.06851,219000.0,6608050.0,,819.79,-60.0,270.0,false
SPD001,SPD001,-23.447313,117.935858,595592.122,7406650.786,450.873,724.1999999999999,-60.0,40.0,false
EGD001,EGD001,-26.753861,123.841275,583650.0,7040550.0,500.0,262.0,-90.0,,false
EGD002,EGD002,-26.7921267540051,123.85865888287,585350.0,7036300.0,500.0,234.59999999999997,-90.0,,false
EGD005,EGD005,-27.118678718042204,124.03194326659047,602280.0,7000000.0,458.0,465.4,-60.0,255.0,false
EGD006,EGD006,-26.9586474687552,124.00662455782921,599912.0,7017747.0,458.0,571.6,-55.0,255.0,false
SBDD001,SBDD001,-31.533544,116.843907,485182.0,6511255.0,262.0,124.1,-60.0,245.0,false
ED116,ED116,-31.286454,122.840249,484795.0,6538640.0,,427.2,-75.0,270.0,false
BNRD002,BNRD002,-33.36240503,118.0564779,598288.53,6308037.262,306.21,43.8,-60.0,45.0,false
BNRD005,BNRD005,-33.36191917,118.0541174,598069.465,6308093.356,300.999,144.0,-60.0,45.0,false
BSDD011,BSDD011,-33.4808663,117.8745606,581253.0,6295060.0,,138.6,-59.4,327.9,false
BSDD012,BSDD012,-33.48060869,117.8742816,581227.32,6295088.78,,60.3,-60.0,338.0,false
BSDD013,BSDD013,-33.48062091,117.8742885,581227.95,6295087.42,,93.8,-60.2,340.6,false
LDRC003,LDRC003,-28.737815,121.300514,334041.0,6819878.0,,297.86,-65.0,60.0,false
LDRC004,LDRC004,-28.735092,121.299258,333914.0,6820178.0,,133.0,-58.0,65.0,false
GDD001,GDD001,-30.615281,120.060528,218200.0,6609350.0,,284.05,-60.0,270.0,false
BDRCD009,BDRCD009,-22.882801,122.696374,468887.0,7469584.0,400.0,212.6,-60.0,90.0,false
BDRCD018,BDRCD018,-22.88280054,122.6963736,468857.0,7469422.0,400.0,184.1,-60.0,140.0,false
BDRCD019,BDRCD019,-22.88154344,122.6956159,468779.0,7469561.0,,263.5,-60.0,140.0,false
NMD001,NMD001,-22.941835,116.807147,480227.675,7462906.044,262.267,319.1,-65.0,31.6,false
MOD4,MOD4,-23.43268,117.899811,591919.989,7408300.403,488.4,190.65,-46.5,359.6,false
BDD082,BDD082,-26.21024212,116.212534,421192.693,7100651.326,340.0,204.1,-55.0,135.0,false
BDD083,BDD083,-26.21302666,116.2126484,421344.697,7100495.323,340.0,180.8,-60.0,135.0,false
NMOD001,NMOD001,-23.435788,117.904618,592408.955,7407947.179,442.455,301.0,-80.0,0.0,false
NMOD002,NMOD002,-23.435803,117.904616,592408.807,7407945.537,442.401,267.0,-87.0,1.6,false
NMOD004,NMOD004,-23.437977,117.906046,592553.364,7407703.861,432.648,398.8,-80.0,0.0,false
NMOD005,NMOD005,-23.439154,117.907456,592696.623,7407572.597,435.05,450.59999999999997,-76.0,,false
BH10,BH10,-33.315645,115.662053,375457.0,6312921.0,,5.0,-90.0,0.0,false
BH11,BH11,-33.314971,115.663181,375561.0,6312997.0,,3.5,-90.0,0.0,false
BH12,BH12,-33.311733,115.668182,376022.0,6313362.0,,4.0,-90.0,0.0,false
BH13,BH13,-33.317012,115.672678,376448.0,6312782.0,,7.0,-90.0,0.0,false
BH14,BH14,-33.31227,115.668647,376066.0,6313303.0,,12.0,-90.0,0.0,false
CH16,CH16,-28.8686952971832,122.551432352507,456392.6,6806636.0,,51.51,-90.0,0.0,false
CH17,CH17,-28.8642516783119,122.545199929038,455783.0,6807126.0,,61.27,-90.0,0.0,false
BUDD0003,BUDD0003,-31.494017609741327,116.83073678826243,483925.0,6515634.0,,358.8,-59.55,242.15,false
AWD003,AWD003,-22.85090645,116.7547713,474703.0,7472809.0,,553.6,,,false
CUDD001,CUDD001,-28.776306,116.94354,494489.0,6816796.0,,935.7,-67.0,90.0,false
UGD288,UGD288,-21.662479757262076,121.57308158295619,352355.1129,7603852.2769,10.0,145.1,-38.0,206.0,false
UGD297,UGD297,-21.662601212477682,121.57330637954209,352378.5,7603839.0449,10.9,185.7,-38.0,199.0,false
BH05,BH05,-33.317523,115.661402,375399.0,6312712.0,,8.5,-90.0,0.0,false
BH19,BH19,-33.315699,115.671323,376320.0,6312926.0,,3.5,-90.0,0.0,false
BH22,BH22,-33.314322,115.671569,376341.0,6313079.0,,7.0,-90.0,0.0,false
BH23,BH23,-33.312936,115.669345,376132.0,6313230.0,,5.0,-90.0,0.0,false
GDD026,GDD026,-27.413805,119.5463362,751752.0,6965154.0,504.0,402.0,-60.0,270.0,false
RBCH7,RBCH7,-33.92339072,115.2343411,336789.18,6244934.52,83.6,217.81,-90.0,0.0,false
VSCH1,VSCH1,-33.90373783,115.231114,334773.03,6247659.1,,202.1,-90.0,0.0,false
VSCH4,VSCH4,-33.89851498,115.2130519,336453.29,6247108.82,,158.0,-90.0,0.0,false
UGD063,UGD063,-21.662282168420973,121.5741767379029,352468.246,7603875.193,-57.15,108.08,-65.2,232.43,false
MMD011,MMD011,-29.168124,116.966023,496696.27,6773387.21,406.02,93.1,-60.0,135.0,false
MMD012,MMD012,-29.172077,116.963749,496475.38,6772949.62,409.98,87.1,-60.0,130.0,false
MMD013,MMD013,-29.172338,116.962175,496322.87,6772920.48,405.32,177.0,-90.0,0.0,false
MMD014,MMD014,-29.174729,116.960179,496128.06,6772655.94,399.47,171.0,-90.0,0.0,false
DRD004,DRD004,-25.61178392,117.2209364,522183.0,7167289.0,481.0,47.10000000000002,-60.0,360.0,false
MD003,MD003,-22.487822,116.114026,408725.0,7512753.0,,201.5,-60.0,123.0,false
SGD001,SGD001,-33.256393,121.518329,361984.0,6319310.0,197.0,156.0,-75.0,270.0,false
SGD003,SGD003,-33.245584,121.53781,363782.0,6320534.0,194.0,176.0,-70.0,315.0,false
VSD005,VSD005,-21.176793,119.227778,731299.95,7656661.01,,426.5,-55.0,240.0,false
VSD006,VSD006,-21.176791,119.227775,731299.64,7656661.22,,409.1,-85.0,240.0,false
VSD007,VSD007,-21.176801,119.227758,731297.88,7656660.15,,360.9,-30.0,240.0,false
PND001,PND001,-20.6253653012215,121.967743559658,392449.0,7718972.0,221.0,426.5,-60.0,55.0,false
05GJD001,05GJD001,-33.72189772,118.9636396,681940.0173,6266947.2339,325.0,166.0,-60.0,90.0,false
05KCD001,05KCD001,-33.72360603,118.9696138,682490.0222,6266747.2327,322.0,142.0,-60.0,90.0,false
LD004,LD004,-23.384423,117.746001,576234.624,7413726.661,352.299,535.0,-60.0,297.6,false
PND002,PND002,-20.6263152671739,121.969474231351,392630.0,7718868.0,229.0,428.0,-60.0,55.0,false
PND003,PND003,-20.6277146516469,121.972334374733,392929.0,7718715.0,237.0,200.6,-55.0,55.0,false
SC098D1,SC098D1,-28.74710803,116.9356915,496070.0,6822730.0,,648.5,-81.0,128.0,false
SGD002,SGD002,-33.261406,121.51599,361774.0,6318751.0,186.0,228.0,-70.0,270.0,false
MR1,MR1,-18.73293372,126.0794616,192020.0,7926200.0,,42.1,-83.0,159.0,false
NSD001,NSD001,-32.974728,122.768906,478406.0,6351491.0,220.0,395.8,,,false
NSD002,NSD002,-32.970199,122.778485,479300.0,6351995.0,220.0,312.0,,,false
WRD11695-001,WRD11695-001,-32.74819278,116.3559654,439666.12,6376444.43,289.97,1015.05,-61.0,198.0,false
WRD12010-001,WRD12010-001,-32.7482582,116.351005,439201.46,6376434.34,305.62,843.2,-55.0,238.0,false
CWDD001,CWDD001,-25.44743091,119.4019909,741544.0,7183331.0,,153.8,-60.0,120.0,false
EHD001,EHD001,-25.642053765261082,119.6152538105909,762574.0,7161361.0,556.87,450.7,-67.0,174.0,false
EHD002,EHD002,-25.643786190889973,119.5858917413815,759621.0,7161227.0,565.03,289.0,-68.0,172.0,false
EDD005,EDD005,-22.92638581,116.8967705,489277.5,7464472.2,,544.0,-70.0,115.0,false
CFDD001,CFDD001,-31.49486322,116.8288505,483746.0,6515540.0,237.3,173.0,-60.0,245.0,false
BH01,BH01,-33.319115,115.659358,375211.0,6312533.0,,3.6000000000000014,-90.0,0.0,false
BH02,BH02,-33.318482,115.660012,375271.0,6312604.0,,5.0,-90.0,0.0,false
BH03,BH03,-33.318152,115.660414,375308.0,6312641.0,,8.5,-90.0,0.0,false
CH04,CH04,-28.849839,122.556494,456740.0,6808570.0,429.7,80.65,-90.0,0.0,false
PDD179,PDD179,-31.90965572,121.636908,371117.18,6468767.76,332.71,85.5,-50.0,145.12,false
YGD1,YGD1,-26.82604909,122.7177149,471950.0,7032800.0,465.0,420.7,-60.0,40.0,false
YGD4,YGD4,-26.75727549,122.6484883,465050.0,7040400.0,479.0,740.8,-60.0,40.0,false
RRLCRDD002,RRLCRDD002,-27.1152309243884,122.19161718233,419887.489,7000559.197,536.4,206.9,-50.0,270.0,false
RRLCRDD004,RRLCRDD004,-27.1222302177121,122.188943605159,419627.096,6999783.579,544.546,223.34,-50.0,270.0,false
RRLCRDD005,RRLCRDD005,-27.037721706154,122.214857458811,422137.112,7009159.797,531.153,174.1,-50.0,270.0,false
RRLCRDD006,RRLCRDD006,-26.9759659326314,122.230602606282,423658.994,7016011.647,522.93,229.2,-50.0,90.0,false
RRLCRDD007,RRLCRDD007,-27.178167414043,122.225737878335,423314.146,6993608.22,512.272,215.2,-50.0,277.0,false
T3,T3,-20.230442,121.775587,372100.0,7762545.0,172.0,184.4,-90.0,,false
TSD0007,TSD0007,-19.702305962435435,128.2933663283953,425943.0,7821307.0,,451.8,-60.0,150.0,false
WRD08965-001,WRD08965-001,-32.7671945,116.3744591,441411.104,6374348.31,311.646,762.5,-50.0,13.65,false
WRD10405-001,WRD10405-001,-32.76058354,116.3601448,440065.96,6375073.18,252.14,879.5,-60.0,16.0,false
WRD10570-001,WRD10570-001,-32.75526371,116.3645599,440475.98,6375665.42,240.15,700.1,-64.0,197.0,false
WRD11720-003,WRD11720-003,-32.74965594,116.3538165,439465.8,6376281.0,299.897,542.5,-50.0,193.65,false
WRD12980-001,WRD12980-001,-32.74066353,116.3453256,438664.2,6377273.0,312.42,987.1,-51.0,193.65,false
WRD13125-001,WRD13125-001,-32.73980887,116.3440372,438542.9,6377367.0,311.942,830.15,-55.0,192.65,false
WRD13400-001,WRD13400-001,-32.73871752,116.3412237,438278.55,6377486.35,276.572,840.2,-53.0,190.65,false
MWDD001,MWDD001,-24.88458571,116.0413682,403033.0,7247347.0,272.0,197.2,-55.0,191.0,false
MWDD002,MWDD002,-24.88499279,116.0442954,403329.0,7247304.0,271.0,208.3,-50.0,191.0,false
CWDD003,CWDD003,-25.46234548,119.4187507,743200.0,7181648.0,,101.8,-65.0,225.0,false
CWDD005,CWDD005,-25.43419538,119.4148981,742869.0,7184774.0,,106.3,-60.0,45.0,false
DERD022,DERD022,-33.62302378,120.1506961,235673.856,6275999.98,256.329,315.40000000000003,-59.6,267.0,false
PDD0001,PDD0001,-21.93153488,122.329925,430800.0,7574600.0,297.0,879.9,-70.0,196.0,false
WRRD0583,WRRD0583,-26.8842319753652,117.806974666267,580147.55,7026131.79,,208.7,-55.0,350.0,false
RRLMWDD123,RRLMWDD123,-27.6223943654484,122.352374287389,436102.522,6944458.432,545.029,234.8,-60.0,268.0,false
RRLMWDD129,RRLMWDD129,-27.6223943654484,122.352374287389,436250.776,6944460.487,545.575,312.57,-60.0,90.0,false
GRDD003,GRDD003,-16.56426678,124.2072792,628808.0,8168260.0,50.0,151.0,-60.0,315.0,false
GRDD004,GRDD004,-16.5633471,124.2084543,628934.0,8168361.0,50.0,194.0,-60.0,315.0,false
SDH08-1,SDH08-1,-16.40930776,127.979458,391030.755,8185514.238,176.847,397.1,-60.0,285.0,false
SDH08-2,SDH08-2,-16.397829,127.978435,390915.157,8186783.669,179.759,507.2,-60.0,105.0,false
SDH08-5,SDH08-5,-16.423523,127.934804,386270.597,8183917.325,228.625,183.9,-90.0,,false
GC08HD40005,GC08HD40005,-23.14667898,119.5736007,763522.343,7437915.248,671.055,165.9,-59.61,34.9,false
CBDD001,CBDD001,-23.968746274880665,116.16301729503387,414847.0,7348981.0,307.02,249.6,-59.7,43.437,false
BH04,BH04,-33.317778,115.660818,375345.0,6312683.0,,4.199999999999999,-90.0,0.0,false
BH06,BH06,-33.318526,115.663288,375576.0,6312603.0,,3.8000000000000007,-90.0,0.0,false
WRD10790-005,WRD10790-005,-32.75721206,116.3584901,439908.7,6375446.0,237.937,637.2,-51.0,55.0,false
WRD13645-002,WRD13645-002,-32.73644341,116.3402281,438183.692,6377737.87,0.0,868.6,-62.0,237.0,false
MNDD0001,MNDD0001,-28.390364,118.358025,633047.0,6858804.0,421.5,610.4,-75.0,184.9,false
MNDD0002,MNDD0002,-28.334149,118.385422,635803.0,6865002.0,450.0,388.3,-76.0,119.0,false
MNDD0003,MNDD0003,-28.39918,118.366333,633850.0,6857818.0,422.3,574.8,-75.9,183.9,false
MNDD0004,MNDD0004,-28.355957,118.401907,637391.0,6862567.0,451.5,480.5,-66.3,136.7,false
BDD001,BDD001,-23.962908,119.7358271,778415.0,7347179.0,,511.7,-60.0,210.0,false
BDD002,BDD002,-23.97597413,119.5926022,763806.0,7346007.0,,389.2,-90.0,0.0,false
BDD003,BDD003,-23.96976408,119.6386538,768507.0,7346608.0,586.0,491.0,-90.0,0.0,false
MTDD008,MTDD008,-32.10253098,121.6486874,372500.0,6447400.0,,154.3,-75.0,270.0,false
GD10H1N011,GD10H1N011,-22.94988145,119.1155692,716921.26,7460466.28,643.254,159.7,-80.12,274.8,true
DMDD0016,DMDD0016,-16.9373072,124.4513361,654550.0,8126810.0,90.0,279.9,-70.0,40.0,true
DMDD0017,DMDD0017,-16.93800739,124.4608714,655565.0,8126725.0,102.6,412.4,-75.0,13.051,true
DMDD0019,DMDD0019,-16.9382052,124.4521411,654635.0,8126710.0,90.264,387.4,-76.0,32.051,true
DMDD0020,DMDD0020,-16.93855053,124.4607441,655551.0,8126665.0,100.5,448.1,-74.0,8.051,true
DMDD0021,DMDD0021,-16.93765353,124.4560051,655047.0,8126768.0,,511.4,-85.0,250.051,true
BWD072,BWD072,-29.26197235,122.32197183,434126.5,6762799.0,412.85,489.6,-58.0,79.5,true
18MBDD001,18MBDD001,-30.7458829,121.7757643,382813.9786,6597919.971,376.6971,335.0,-60.16,88.96,true
18QMDD001,18QMDD001,-30.75100051,121.7727588,382532.4834,6597349.624,373.2714,415.0,-60.2,92.47,true
18QMDD002,18QMDD002,-30.75029039,121.7720515,382463.9135,6597427.586,373.3524,591.9,-59.5,90.29,true
18SFDD001,18SFDD001,-30.73382083,121.7784644,383057.8851,6599259.664,390.5401,300.0,-60.0,99.95,true
CD20297,CD20297,-31.33311516,121.7803831,383970.63,6532837.35,,429.8,-67.8,316.41,true
CD20297W1,CD20297W1,-31.33311516,121.7803831,383970.63,6532837.35,,314.3,-67.8,316.41,true
CD20297W2,CD20297W2,-31.33311516,121.7803831,383970.63,6532837.35,,1317.9,-67.8,316.41,true
KNCD180010,KNCD180010,-30.3298013,121.2819763,334839.017,6643418.42,,301.71,-60.0,90.0,true
KNCD180011,KNCD180011,-30.32687751,121.2804309,334685.513,6643740.236,,301.6,-60.0,90.0,true
KNCD180012,KNCD180012,-30.33822462,121.2793794,334603.487,6642481.007,,407.43,-60.0,90.0,true
SMD184,SMD184,-17.29555489,128.0439404,398390.875,8087496.68,,723.7,-70.0,90.0,true
SMD185,SMD185,-17.28652926,128.0458703,398591.05,8088496.3,368.14,565.8,-80.0,93.4,true
SMD186,SMD186,-17.26504421,128.0478678,398791.64,8090874.47,371.57,893.2,-80.0,90.0,true
KD1,KD1,-31.20922,121.68209,,,,180.4,,,false
GD13EA0009,GD13EA0009,-23.1318002554923,119.57210987514,,,,21.05,,,false
MPWD7,MPWD7,-28.504318,118.992411,,,,192.6,,,false
12AMD0015,12AMD0015,-20.757919,122.17572,414194.0,7704423.0,260.0,467.20000000000005,-55.0,210,false
14AMD0043,14AMD0043,-20.757374,122.175157,414135.0,7704485.0,,210.6,-62.0,200,false
15SYDD0004,15SYDD0004,-28.45636256,123.8674088,584925.552,6851936.037,497.881,701.1,-60.0,275,false
16CADD002,16CADD002,-28.87248092,122.2343438,425332.59,6805901.36,397.0,882.3,-60.0,270,false
18ABAD01,18ABAD01,-21.36566678,116.8080517,480100.0,7637370.0,,1348.5,-61.0,178,false
18LCDD0001,18LCDD0001,-28.84724154,122.1850021,420501.384,6808665.712,,963.5,-60.0,270,false
18MMDD0434,18MMDD0434,-28.77163307,122.0854621,410726.937,6816972.107,426.819,1785.9,-68.0,230,false
19MMDD0456,19MMDD0456,-28.75692903,122.071796,409380.15,6818590.92,438.53,1674.8,-70.0,230,false
AMODD0028,AMODD0028,-23.435774,117.906963,592648.55,7407947.22,435.178,685.0,-65.0,290,false
BBDD0091,BBDD0091,-30.72948359,122.5748419,459297.53,6600300.284,313.159,1115.89,-54.0,299,false
BBRD0056,BBRD0056,-30.71595647,122.5683213,458667.54,6601797.0,313.83,60.1,-60.0032,269.58,false
BNDD006,BNDD006,-33.36081114,118.0553996,598190.0,6308215.0,300.0,222.5,-60.0,225,false
Brooke 1,Brooke 1,-19.747824,122.917668,,,160.0,789.0,0.0,-90,false
CD16056,CD16056,-31.326332,121.790244,384900.559,6533599.511,296.286,988.0,-70.0,270,false
CDDD0090,CDDD0090,-27.87683393,121.2780576,330487.7,6915250.0,460.0,1441.7,-70.0,110,false
CXDD002,CXDD002,-26.87739928,122.2144831,421979.0,7026902.0,,132.32,-60.0,90,false
CXDD003,CXDD003,-26.87644676,122.2136642,421897.0,7027007.0,,129.2,-60.0,90,false
CYDD0178,CYDD0178,-19.899187,128.828515,482050.3,7796665.5,392.4,1206.9,-65.0,0,false
EMSD1138,EMSD1138,-27.963093,120.495209,,,,945.6999999999999,-61.0,90,false
EMSD1161,EMSD1161,-27.997561,120.494212,,,,1775.3999999999999,-78.5,83,false
EMSD1388,EMSD1388,-27.97630642,120.5016925,254262.484,6902908.418,502.9,1800.91,-61.0,96.03,false
EMSD1627,EMSD1627,-28.05232303,120.4797806,252280.6,6894438.325,,1440.3,-66.0,101,false
KEDD001,KEDD001,-30.54935456,121.681974,373580.0,6619600.0,,793.8,-60.0,267.7,false
KPDDH008,KPDDH008,-30.744531,121.4691475,353459.0,6597709.0,554.0,1168.99,-60.69,81.58,false
KPDDH010,KPDDH010,-30.76727649,121.4769263,354238.0,6595198.0,,939.7,-60.0,43,false
MEDD144,MEDD144,-30.761413,121.276641,335058.0,6595570.0,341.0,1176.0,-61.0,245,false
MHC10001,MHC10001,-21.380934,122.260483,423338.0,7635512.0,500.0,828.6,-60.0,240,false
MOD11,MOD11,-23.434763,117.902506,,,475.0,359.6,-73.0,348,false
MOD12,MOD12,-23.433051,117.899813,,,486.2,133.3,-53.0,355,false
MOD13,MOD13,-23.433166,117.900205,591961.614,7408248.134,496.2,58.5,-60.0,355,false
MOD14,MOD14,-23.433938,117.90256,592201.774,7408160.881,447.5,97.7,-69.7,2.02,false
MOD3,MOD3,-23.433779,117.901386,,,460.2,288.6,-60.0,358,false
MOD5,MOD5,-23.433044,117.901012,,,488.1,153.9,-30.0,358,false
MOD6,MOD6,-23.433267,117.901381,,,465.9,162.9,-35.0,358,false
MOD7,MOD7,-23.434189,117.899229,,,506.7,86.0,1.0,358,false
MOD8,MOD8,-23.434023,117.898844,,,503.8,138.6,-15.0,358,false
MSD0056A,MSD0056A,-28.05325093,117.8203872,580624.4,6896627.26,441.91,827.3,-82.0,5,false
NCB0003,NCB0003,-30.09599463,121.6127462,366325.0,6669766.0,418.0,827.5,-74.61,24.73,false
NUG0453,NUG0453,-21.665141405475335,121.57670634021548,352732.93,7603561.06,-87.53,257.7,-27.63,66.33,false
PDU3003,PDU3003,-22.568957,116.237657,421626.402,7503995.02,,752.1,-24.0,302,false
PGDD15001,PGDD15001,-30.73624489,121.2532655,,,,1407.0,-60.0,55,false
PLD010,PLD010,-29.05895451,122.432896,444795.0,6785350.0,408.0,1260.4,-60.0,136.2,false
PLD011,PLD011,-29.06099459,122.4351037,445011.0,6785125.0,405.0,1050.2,-60.0,136.2,false
PLSEIS001,PLSEIS001,-21.05707619,118.9073932,698185.0,7670350.0,,1003.15,-70.0,284,false
PND004,PND004,-20.6263953819184,121.970788497003,392767.0,7718860.0,235.0,212.9,-60.0,55,false
PND005,PND005,-20.62236966,121.9684067,,,121.0,415.0,-60.0,58.1,false
RBDD008,RBDD008,-31.38020676,121.4946089,356852.0,6527281.0,333.0,684.17,-60.5,270,false
RRLCRDD003,RRLCRDD003,-27.1702839435406,122.190571322444,419822.529,6994460.412,518.87,232.13,-50.0,270,false
RRLRMDD040,RRLRMDD040,-27.85007967,122.2855555,429656.0,6919200.0,,1687.0,-78.0,235,false
SDH001,SDH001,-16.41291612,127.976332292,,,185.0,150.0,-55.0,285,false
SDH002,SDH002,-16.41117916,127.97686,,,189.0,97.8,-55.0,285,false
SDH003,SDH003,-16.409473,127.977475,,,187.0,70.9,-55.0,285,false
SDH004,SDH004,-16.40776576,127.9780905,,,184.0,62.1,-55.0,285,false
SDH005,SDH005,-16.4045742964508,127.979984,,,186.0,64.7,-55.0,285,false
SDH006,SDH006,-16.402802,127.980404,,,192.0,53.2,-55.0,285,false
SDH007,SDH007,-16.401164,127.981223,,,189.0,71.2,-55.0,285,false
SDH008,SDH008,-16.397556,127.982444,,,184.0,114.0,-55.0,285,false
SDH009,SDH009,-16.398786,127.982119,,,209.0,167.5,-55.0,285,false
SDH010,SDH010,-16.406041,127.978652,,,190.0,159.0,-60.0,105,false
SDH09-1,SDH09-1,-16.389198,127.977677,390829.4,8187738.2,,576.8,-90.0,0,false
SDH09-6,SDH09-6,-16.28545115,127.9266562,385320.0,8199188.0,,168.8,-90.0,0,false
SDH09-7,SDH09-7,-16.413537,127.978839,390967.0,8185046.0,188.0,640.7,-55.0,270,false
SDH09-8,SDH09-8,-16.401301,127.983116,391417.0,8186402.0,184.0,699.3,-60.0,285,false
SDH09-9,SDH09-9,-16.4263577,127.9795677,391052.0,8183628.0,,265.4,-55.0,285,false
SDH10-01,SDH10-01,-16.409247,127.980191,391108.999,8185521.375,175.895,522.1,-60.0,105,false
SDH10-02,SDH10-02,-16.426919,127.941548,386992.727,8183545.042,207.903,326.6,-60.0,270,false
SDH10-03,SDH10-03,-16.428074,127.938966,386717.643,8183415.824,215.245,475.5,-60.0,270,false
SDH10-04,SDH10-04,-16.383923,127.935838,386358.099,8188298.694,229.829,303.3,-60.0,270,false
SDH10-05,SDH10-05,-16.383324,127.935766,386350.0,8188365.0,230.0,300.0,-60.0,270,false
SDH10-06,SDH10-06,-16.31545383,127.9421455,386992.32,8195877.271,246.906,473.5,-60.0,270,false
SDH11-01,SDH11-01,-16.408599,127.978751,390954.86,8185592.27,177.74,747.2,-60.0,285,false
SDH11-02,SDH11-02,-16.40968,127.980317,391122.71,8185473.49,177.0,691.6,-60.0,105,false
SDH11-03,SDH11-03,-16.42637,127.979012,390992.7,8183626.33,182.2,729.3,-60.0,285,false
SDH11-04,SDH11-04,-16.44167933,127.9412525,386969.69,8181911.9,201.96,709.1,-60.0,270,false
SDH11-05,SDH11-05,-16.44167933,127.9412525,387628.34,8205434.46,234.9,700.0,-60.0,90,false
SDH11-16,SDH11-16,-16.19026,127.964401,389300.0,8209740.0,,290.3,-60.0,270,false
SDH11-17,SDH11-17,-16.40918,127.980394,391130.665,8185528.864,175.566,292.6,-60.0,105,false
SE0018,SE0018,-30.81545183,121.5362304,,,305.58,1536.8,-59.77,259.15,false
SE0018W1,SE0018W1,-30.81545183,121.5362304,,,305.58,895.8000000000002,-59.77,259.15,false
SE0019,SE0019,-30.78872995,121.525887,,,,2171.9,-60.0,223,false
SE0019W1,SE0019W1,-30.78872995,121.525887,,,,838.8000000000002,-60.0,223,false
SEDD0057,SEDD0057,-27.89775059,121.2879083,331490.0,6912946.0,,1201.0,-60.0,50,false
SGD004,SGD004,-33.205838,121.543985,364296.0,6324949.0,209.0,141.0,-70.0,315,false
SGD005,SGD005,-33.191165,121.553271,365139.0,6326588.0,219.0,210.5,-70.0,270,false
SMD157-A,SMD157-A,-17.341559,128.020458,395920.908,8082394.21,,1125.4,-86.7,317,false
SMD163,SMD163,-17.34263032,128.0248425,,,,1026.9,-62.0,139,false
TD12952,TD12952,-31.433521,121.847607,,,,1518.6,-60.0,292,false
UGD378,UGD378,-21.661723032530656,121.57560885207252,352615.8829,7603938.454,-58.97,172.6,-30.0,26,false
UGD4105,UGD4105,-29.08070616,122.4087532,442456.85,6782928.47,1569.0,1060.0,-22.0,270,false
UGD4107,UGD4107,-29.08070616,122.4087532,442456.85,6782928.47,1568.0,1155.5,-46.0,270,false
UGD4108,UGD4108,-29.08070616,122.4087532,442456.85,6782928.47,1568.0,973.7,-61.0,270,false
WBUG0124,WBUG0124,-26.227326,118.677918,667612.3,7098056.0,,1001.6,-5.0,135,false
WF14-98,WF14-98,-31.23190736,121.688815,375125.2,6543955.5,188.3,858.5,-29.5,262.2,false
WRD09370-001,WRD09370-001,-32.76146554,116.3755176,441506.5,6374984.0,267.764,376.0,-59.0,195.65,false
WRD12635-001,WRD12635-001,-32.7405016,116.3510638,439201.7,6377294.26,281.537,810.9,-56.0,194.65,false
WRD12725-001,WRD12725-001,-32.74616775,116.3421542,438370.86,6376660.97,254.013,570.0,-62.0,14.65,false
WSXP1735,WSXP1735,-26.37237113,120.5931916,259854.0,7080836.0,,1442.3,-56.0,353.4,false
YAD0019,YAD0019,-31.09327443,116.2735458,430715.0,6559834.0,,1199.1,-60.0,240,false
